scientific_name,bac_gram_stain,bac_oxygen_use,biofilm_forming,spore_forming,metabolism,metabolism_carbon_source,metabolism_electron_source,metabolism_energy,pathogen,pathogen_host,pathogen_host_human,extremophile,extremophile_type
Acidaminococcus fermentans,Positive,anaerobes,Yes,No,,,,,No,,None,No,
Acidovorax delafieldii,Negative,aerobes,Yes,No,heterotroph organo chemo,heterotroph,organotroph,chemotroph,No,,None,Yes,Acidophile
Acinetobacter baumannii,Negative,facultative_anaerobes,Yes,No,heterotroph organo chemo,heterotroph,organotroph,chemotroph,Yes,Human,Respiratory_tract Blood CNS,No,
Acinetobacter calcoaceticus,Negative,facultative_anaerobes,Yes,No,heterotroph organo chemo,heterotroph,organotroph,chemotroph,Yes,Human,Respiratory_tract Blood CNS,No,
Acinetobacter haemolyticus,Negative,facultative_anaerobes,Yes,No,heterotroph organo chemo,heterotroph,organotroph,chemotroph,Yes,Human,Respiratory_tract Blood CNS,No,
Acinetobacter johnsonii,Negative,facultative_anaerobes,Yes,No,heterotroph organo chemo,heterotroph,organotroph,chemotroph,Yes,Human,Respiratory_tract Blood CNS,No,
Acinetobacter lwoffii,Negative,facultative_anaerobes,Yes,No,heterotroph organo chemo,heterotroph,organotroph,chemotroph,Yes,Human,Respiratory_tract Blood CNS,No,
Actinobacillus lignieresii,Negative,facultative_anaerobes,Yes,No,,,,,Yes,Animal,oral_cavity,No,
Actinobacillus minor,Positive,facultative_anaerobes,Yes,No,heterotroph organo chemo,heterotroph,organotroph,chemotroph,Yes,Animal,oral_cavity,No,
Actinobacillus minor,Negative,facultative_anaerobes,Yes,No,heterotroph organo chemo,heterotroph,organotroph,chemotroph,,,,No,
Actinobacillus pleuropneumoniae,Positive,facultative_anaerobes,Yes,No,heterotroph organo chemo,heterotroph,organotroph,chemotroph,Yes,Animal,Respiratory_tract,No,
Actinobacillus pleuropneumoniae,Negative,facultative_anaerobes,Yes,No,heterotroph organo chemo,heterotroph,organotroph,chemotroph,,,,No,
Actinobacillus suis,Positive,facultative_anaerobes,Yes,No,heterotroph organo chemo,heterotroph,organotroph,chemotroph,Yes,Animal,Respiratory_tract,No,
Actinobacillus suis,Negative,facultative_anaerobes,Yes,No,heterotroph organo chemo,heterotroph,organotroph,chemotroph,,,,No,
Actinomyces bovis,Positive,anaerobes,Yes,Yes,,,,,Yes,Animal,oral_cavity,No,
Actinomyces gerencseriae,Positive,anaerobes,Yes,Yes,,,,,Yes,Human,oral_cavity,No,
Actinomyces israelii,Positive,anaerobes,Yes,No,heterotroph organo chemo,heterotroph,organotroph,chemotroph,Yes,Human,oral_cavity,No,
Actinomyces israelii,Positive,anaerobes,Yes,Yes,heterotroph organo chemo,heterotroph,organotroph,chemotroph,,,,No,
Actinomyces meyeri,Positive,anaerobes,Yes,Yes,,,,,Yes,Human,oral_cavity,No,
Actinomyces naeslundii,Positive,anaerobes,Yes,Yes,,,,,Yes,Human,oral_cavity,No,
Actinomyces odontolyticus,Positive,anaerobes,Yes,Yes,,,,,Yes,Human,oral_cavity,No,
Actinomyces viscosus,Positive,anaerobes,Yes,Yes,,,,,Yes,Human,oral_cavity,No,
Aerococcus viridans,Positive,facultative_anaerobes,Yes,No,heterotroph organo chemo,heterotroph,organotroph,chemotroph,Yes,Human,Blood Respiratory_tract Urogenital,No,
Aeromonas caviae,Negative,facultative_anaerobes,Yes,No,heterotroph organo chemo,heterotroph,organotroph,chemotroph,Yes,Animal,Gastrointestinal_tract,No,
Aeromonas hydrophila,Negative,facultative_anaerobes,Yes,No,heterotroph organo chemo,heterotroph,organotroph,chemotroph,Yes,Human  Animal,Gastrointestinal_tract Skin,No,
Aeromonas salmonicida,Negative,facultative_anaerobes,Yes,No,heterotroph organo chemo,heterotroph,organotroph,chemotroph,Yes,Fish,Gastrointestinal_tract,No,
Aggregatibacter actinomycetemcomitans,Negative,facultative_anaerobes,Yes,No,heterotroph organo chemo,heterotroph,organotroph,chemotroph,Yes,Human,oral_cavity,No,
Aggregatibacter actinomycetemcomitans,Positive,facultative_anaerobes,Yes,No,heterotroph organo chemo,heterotroph,organotroph,chemotroph,,,,No,
Aggregatibacter aphrophilus,Positive,facultative_anaerobes,Yes,No,heterotroph organo chemo,heterotroph,organotroph,chemotroph,Yes,Human,oral_cavity,No,
Aggregatibacter aphrophilus,Negative,facultative_anaerobes,Yes,No,heterotroph organo chemo,heterotroph,organotroph,chemotroph,,,,No,
Aggregatibacter segnis,Positive,facultative_anaerobes,Yes,No,heterotroph organo chemo,heterotroph,organotroph,chemotroph,Yes,Human,oral_cavity,No,
Aggregatibacter segnis,Negative,facultative_anaerobes,Yes,No,heterotroph organo chemo,heterotroph,organotroph,chemotroph,,,,No,
Agrobacterium rhizogenes,Negative,aerobes,Yes,No,heterotroph organo chemo,heterotroph,organotroph,chemotroph,Yes,Plant,None,No,
Agrobacterium tumefaciens,Negative,aerobes,Yes,No,heterotroph organo chemo,heterotroph,organotroph,chemotroph,Yes,Plant,None,No,
Alcaligenes faecalis,Negative,facultative_anaerobes,Yes,No,heterotroph organo chemo,heterotroph,organotroph,chemotroph,No,,None,No,
Alicyclobacillus acidophilus,Positive,aerobes,Yes,Yes,,,,,No,,None,Yes,Acidophile
Alicyclobacillus acidoterrestris,Positive,aerobes,Yes,Yes,,,,,No,,None,Yes,Acidophile
Alkalibacterium xylanilyticum,Positive,aerobes,Yes,No,,,,,No,,None,Yes,Alkaliphile
Anabaena variabilis,Negative,photoautotroph,Yes,No,autotroph phototroph,autotroph,phototroph,,No,,None,No,
Anaerococcus prevotii,Positive,anaerobes,Yes,No,,,,,Yes,Human,Gastrointestinal_tract,No,
Anaerococcus tetradius,Positive,anaerobes,Yes,No,heterotroph organo chemo,heterotroph,organotroph,chemotroph,Yes,Human,Gastrointestinal_tract,No,
Anaerofustis stercoricanis,Negative,anaerobes,No,No,,,,,Yes,Animal,Gastrointestinal_tract,No,
Anaeromyxobacter dehalogenans,Negative,anaerobes,Yes,No,,,,,No,,None,No,
Anaplasma phagocytophilum,Negative,obligate_intracellular_parasite,Yes,No,heterotroph organo chemo,heterotroph,organotroph,chemotroph,Yes,Human  Animal,Blood,No,
Anaplasma phagocytophilum,Negative,obligate_intracellular,No,No,heterotroph organo chemo,heterotroph,organotroph,chemotroph,,,,No,
Arcanobacterium haemolyticum,Positive,facultative_anaerobes,Yes,No,heterotroph organo chemo,heterotroph,organotroph,chemotroph,Yes,Human,Skin,No,
Arcobacter butzleri,Negative,microaerophile,Yes,No,heterotroph organo chemo,heterotroph,organotroph,chemotroph,Yes,Human  Animal,Gastrointestinal_tract,No,
Arthrobacter agilis,Positive,aerobes,Yes,No,heterotroph organo chemo,heterotroph,organotroph,chemotroph,No,,None,No,
Arthrobacter aurescens,Positive,aerobes,Yes,No,heterotroph organo chemo,heterotroph,organotroph,chemotroph,No,,None,No,
Arthrobacter globiformis,Positive,aerobes,Yes,No,heterotroph organo chemo,heterotroph,organotroph,chemotroph,No,,None,No,
Arthrobacter simplex,Positive,aerobes,Yes,No,heterotroph organo chemo,heterotroph,organotroph,chemotroph,No,,None,No,
Aspergillus awamori,Positive,aerobes,Yes,No,heterotroph organo chemo,heterotroph,organotroph,chemotroph,No,,None,No,
Aspergillus flavus,Positive,aerobes,Yes,No,heterotroph organo chemo,heterotroph,organotroph,chemotroph,Yes,Human  Animal,Respiratory_tract Blood CNS,No,
Aspergillus fumigatus,Positive,aerobes,Yes,No,heterotroph organo chemo,heterotroph,organotroph,chemotroph,Yes,Human  Animal,Respiratory_tract Blood CNS,No,
Aspergillus nidulans,Positive,aerobes,Yes,No,heterotroph organo chemo,heterotroph,organotroph,chemotroph,No,,None,No,
Aspergillus niger,Positive,aerobes,Yes,No,heterotroph organo chemo,heterotroph,organotroph,chemotroph,Yes,Human  Animal,Respiratory_tract Blood CNS,No,
Aspergillus oryzae,Positive,aerobes,Yes,No,heterotroph organo chemo,heterotroph,organotroph,chemotroph,No,,None,No,
Aspergillus sojae,Positive,aerobes,Yes,No,heterotroph organo chemo,heterotroph,organotroph,chemotroph,No,,None,No,
Aspergillus terreus,Positive,aerobes,Yes,No,heterotroph organo chemo,heterotroph,organotroph,chemotroph,Yes,Human  Animal,Respiratory_tract Blood CNS,No,
Azotobacter beijerinckii,Negative,aerobes,Yes,No,heterotroph organo chemo,heterotroph,organotroph,chemotroph,No,,None,No,
Azotobacter chroococcum,Negative,aerobes,Yes,No,heterotroph organo chemo,heterotroph,organotroph,chemotroph,No,,None,No,
Azotobacter vinelandii,Negative,aerobes,Yes,No,heterotroph organo chemo,heterotroph,organotroph,chemotroph,No,,None,No,
Bacillus amyloliquefaciens,Positive,aerobes,Yes,Yes,,,,,No,,None,No,
Bacillus anthracis,Positive,aerobes,Yes,Yes,,,,,Yes,Human  Animal,Respiratory_tract Blood CNS,No,
Bacillus cereus,Positive,aerobes,Yes,Yes,heterotroph organo chemo,heterotroph,organotroph,chemotroph,Yes,Human  Animal,Gastrointestinal_tract Respiratory_tract Blood CNS,No,
Bacillus coagulans,Positive,aerobes,Yes,Yes,,,,,No,,None,No,
Bacillus firmus,Positive,aerobes,Yes,Yes,,,,,No,,None,No,
Bacillus licheniformis,Positive,aerobes,Yes,Yes,heterotroph organo chemo,heterotroph,organotroph,chemotroph,No,,None,No,
Bacillus megaterium,Positive,aerobes,Yes,Yes,heterotroph organo chemo,heterotroph,organotroph,chemotroph,No,,None,No,
Bacillus pumilus,Positive,aerobes,Yes,Yes,heterotroph organo chemo,heterotroph,organotroph,chemotroph,No,,None,No,
Bacillus sphaericus,Positive,aerobes,Yes,Yes,,,,,No,,None,No,
Bacillus stearothermophilus,Positive,aerobes,Yes,No,heterotroph organo chemo,heterotroph,organotroph,chemotroph,No,,None,No,
Bacillus subtilis,Positive,aerobes,Yes,Yes,heterotroph organo chemo,heterotroph,organotroph,chemotroph,No,,None,No,
Bacillus thuringiensis,Positive,aerobes,Yes,Yes,heterotroph organo chemo,heterotroph,organotroph,chemotroph,Yes,Animal,Gastrointestinal_tract,No,
Bacteroides caccae,Negative,anaerobes,Yes,No,,,,,Yes,Human,Gastrointestinal_tract,No,
Bacteroides fragilis,Negative,anaerobes,Yes,No,heterotroph organo chemo,heterotroph,organotroph,chemotroph,Yes,Human,Gastrointestinal_tract,No,
Bacteroides ovatus,Negative,anaerobes,Yes,No,heterotroph organo chemo,heterotroph,organotroph,chemotroph,Yes,Human,Gastrointestinal_tract,No,
Bacteroides thetaiotaomicron,Negative,anaerobes,Yes,No,heterotroph organo chemo,heterotroph,organotroph,chemotroph,Yes,Human,Gastrointestinal_tract,No,
Bacteroides uniformis,Negative,anaerobes,Yes,No,heterotroph organo chemo,heterotroph,organotroph,chemotroph,Yes,Human,Gastrointestinal_tract,No,
Bartonella henselae,Negative,obligate_intracellular_parasite,Yes,No,heterotroph organo chemo,heterotroph,organotroph,chemotroph,Yes,Human,Blood CNS,No,
Bartonella henselae,Negative,facultative_anaerobes,Yes,No,heterotroph organo chemo,heterotroph,organotroph,chemotroph,,,,No,
Bartonella henselae,Positive,obligate_intracellular,No,No,heterotroph organo chemo,heterotroph,organotroph,chemotroph,,,,No,
Bartonella henselae,Negative,facultative_intracellular,No,No,heterotroph organo chemo,heterotroph,organotroph,chemotroph,,,,No,
Bartonella quintana,Positive,obligate_intracellular,No,No,heterotroph organo chemo,heterotroph,organotroph,chemotroph,Yes,Human,Blood CNS,No,
Bartonella quintana,Negative,facultative_intracellular,No,No,heterotroph organo chemo,heterotroph,organotroph,chemotroph,,,,No,
Bifidobacterium adolescentis,Positive,anaerobes,No,No,heterotroph organo chemo,heterotroph,organotroph,chemotroph,No,,None,No,
Bifidobacterium bifidum,Positive,anaerobes,Yes,No,heterotroph organo chemo,heterotroph,organotroph,chemotroph,No,,None,No,
Bifidobacterium bifidum,Positive,anaerobes,No,No,heterotroph organo chemo,heterotroph,organotroph,chemotroph,,,,No,
Bifidobacterium bifidum,Positive,facultative_anaerobes,Yes,No,heterotroph organo chemo,heterotroph,organotroph,chemotroph,,,,No,
Bifidobacterium breve,Positive,anaerobes,No,No,heterotroph organo chemo,heterotroph,organotroph,chemotroph,No,,None,No,
Bifidobacterium lactis,Positive,anaerobes,No,No,heterotroph organo chemo,heterotroph,organotroph,chemotroph,No,,None,No,
Bifidobacterium longum,Positive,anaerobes,No,No,heterotroph organo chemo,heterotroph,organotroph,chemotroph,No,,None,No,
Blastocystis hominis,Positive,anaerobes,No,No,heterotroph organo chemo,heterotroph,organotroph,chemotroph,Yes,Human,Gastrointestinal_tract,No,
Bordetella bronchiseptica,Positive,aerobes,Yes,No,heterotroph organo chemo,heterotroph,organotroph,chemotroph,Yes,Animal,Respiratory_tract,No,
Bordetella bronchiseptica,Negative,aerobes,Yes,No,heterotroph organo chemo,heterotroph,organotroph,chemotroph,,,,No,
Bordetella parapertussis,Negative,aerobes,Yes,No,heterotroph organo chemo,heterotroph,organotroph,chemotroph,Yes,Human,Respiratory_tract,No,
Bordetella parapertussis,Positive,aerobes,Yes,No,heterotroph organo chemo,heterotroph,organotroph,chemotroph,,,,No,
Bordetella pertussis,Negative,aerobes,Yes,No,heterotroph organo chemo,heterotroph,organotroph,chemotroph,Yes,Human,Respiratory_tract,No,
Bordetella pertussis,Positive,aerobes,Yes,No,heterotroph organo chemo,heterotroph,organotroph,chemotroph,,,,No,
Borrelia burgdorferi,Negative,facultative_anaerobes,Yes,No,heterotroph organo chemo,heterotroph,organotroph,chemotroph,Yes,Human  Animal,Blood CNS,No,
Borrelia burgdorferi,Negative,microaerophile,Yes,No,heterotroph organo chemo,heterotroph,organotroph,chemotroph,,,,No,
Bradyrhizobium elkanii,Negative,aerobes,Yes,No,heterotroph organo chemo,heterotroph,organotroph,chemotroph,No,Plant,None,No,
Bradyrhizobium japonicum,Negative,aerobes,Yes,No,heterotroph organo chemo,heterotroph,organotroph,chemotroph,No,Plant,None,No,
Brevibacterium linens,Positive,aerobes,Yes,No,heterotroph organo chemo,heterotroph,organotroph,chemotroph,No,,None,No,
Brevibacterium linens,Positive,aerobes,No,No,heterotroph organo chemo,heterotroph,organotroph,chemotroph,,,,No,
Brevundimonas diminuta,Negative,aerobes,Yes,No,heterotroph organo chemo,heterotroph,organotroph,chemotroph,No,,None,No,
Brucella abortus,Negative,facultative_anaerobes,Yes,No,heterotroph organo chemo,heterotroph,organotroph,chemotroph,Yes,Animal,Blood CNS,No,
Brucella abortus,Positive,facultative_intracellular,Yes,No,heterotroph organo chemo,heterotroph,organotroph,chemotroph,,,,No,
Brucella abortus,Negative,facultative_intracellular,Yes,No,heterotroph organo chemo,heterotroph,organotroph,chemotroph,,,,No,
Brucella melitensis,Negative,facultative_anaerobes,Yes,No,heterotroph organo chemo,heterotroph,organotroph,chemotroph,Yes,Animal,Blood CNS,No,
Brucella melitensis,Positive,facultative_intracellular,Yes,No,heterotroph organo chemo,heterotroph,organotroph,chemotroph,,,,No,
Brucella melitensis,Negative,facultative_intracellular,Yes,No,heterotroph organo chemo,heterotroph,organotroph,chemotroph,,,,No,
Brucella suis,Positive,facultative_intracellular,Yes,No,heterotroph organo chemo,heterotroph,organotroph,chemotroph,Yes,Animal,Blood CNS,No,
Brucella suis,Negative,facultative_intracellular,Yes,No,heterotroph organo chemo,heterotroph,organotroph,chemotroph,,,,No,
Burkholderia cepacia,Negative,facultative_anaerobes,Yes,No,heterotroph organo chemo,heterotroph,organotroph,chemotroph,Yes,Human  Animal,Respiratory_tract Blood CNS,Yes,Acidophile
Burkholderia cepacia,Negative,aerobes,Yes,No,heterotroph organo chemo,heterotroph,organotroph,chemotroph,,,,No,
Burkholderia mallei,Negative,aerobes,Yes,No,heterotroph organo chemo,heterotroph,organotroph,chemotroph,Yes,Animal,Respiratory_tract Blood CNS,No,
Burkholderia pseudomallei,Negative,facultative_anaerobes,Yes,No,heterotroph organo chemo,heterotroph,organotroph,chemotroph,Yes,Human  Animal,Respiratory_tract Blood CNS,No,
Burkholderia pseudomallei,Negative,aerobes,Yes,No,heterotroph organo chemo,heterotroph,organotroph,chemotroph,,,,No,
Campylobacter coli,Negative,microaerophile,Yes,No,heterotroph organo chemo,heterotroph,organotroph,chemotroph,Yes,Human  Animal,Gastrointestinal_tract,No,
Campylobacter jejuni,Negative,microaerophile,Yes,No,heterotroph organo chemo,heterotroph,organotroph,chemotroph,Yes,Human  Animal,Gastrointestinal_tract,No,
Candida albicans,Positive,facultative_anaerobes,Yes,No,heterotroph organo chemo,heterotroph,organotroph,chemotroph,Yes,Human,oral_cavity Respiratory_tract Blood CNS Urogenital Gastrointestinal_tract,No,
Candida glabrata,Positive,facultative_anaerobes,Yes,No,heterotroph organo chemo,heterotroph,organotroph,chemotroph,Yes,Human,oral_cavity Respiratory_tract Blood CNS Urogenital Gastrointestinal_tract,No,
Candida krusei,Positive,facultative_anaerobes,Yes,No,heterotroph organo chemo,heterotroph,organotroph,chemotroph,Yes,Human,oral_cavity Respiratory_tract Blood CNS Urogenital Gastrointestinal_tract,No,
Candida parapsilosis,Positive,facultative_anaerobes,Yes,No,heterotroph organo chemo,heterotroph,organotroph,chemotroph,Yes,Human,oral_cavity Respiratory_tract Blood CNS Urogenital Gastrointestinal_tract,No,
Candida tropicalis,Positive,facultative_anaerobes,Yes,No,heterotroph organo chemo,heterotroph,organotroph,chemotroph,Yes,Human,oral_cavity Respiratory_tract Blood CNS Urogenital Gastrointestinal_tract,No,
Capnocytophaga canimorsus,Negative,anaerobes,Yes,No,heterotroph organo chemo,heterotroph,organotroph,chemotroph,Yes,Human,oral_cavity,No,
Cardiobacterium hominis,Negative,aerobes,Yes,No,heterotroph organo chemo,heterotroph,organotroph,chemotroph,Yes,Human,Blood,No,
Cardiobacterium hominis,Positive,facultative_anaerobes,Yes,No,heterotroph organo chemo,heterotroph,organotroph,chemotroph,,,,No,
Chlamydia pneumoniae,Negative,obligate_intracellular_parasite,Yes,No,heterotroph organo chemo,heterotroph,organotroph,chemotroph,Yes,Human,Respiratory_tract,No,
Chlamydia pneumoniae,Negative,obligate_intracellular,Yes,No,heterotroph organo chemo,heterotroph,organotroph,chemotroph,,,,No,
Chlamydia pneumoniae,Positive,anaerobes,No,No,heterotroph organo chemo,heterotroph,organotroph,chemotroph,,,,No,
Chlamydia pneumoniae,Negative,obligate_intracellular,No,No,heterotroph organo chemo,heterotroph,organotroph,chemotroph,,,,No,
Chlamydia trachomatis,Negative,obligate_intracellular_parasite,Yes,No,heterotroph organo chemo,heterotroph,organotroph,chemotroph,Yes,Human,Urogenital eyes,No,
Chlamydia trachomatis,Negative,obligate_intracellular,Yes,No,heterotroph organo chemo,heterotroph,organotroph,chemotroph,,,,No,
Chlamydia trachomatis,Positive,anaerobes,No,No,heterotroph organo chemo,heterotroph,organotroph,chemotroph,,,,No,
Chlamydia trachomatis,Negative,obligate_intracellular,No,No,heterotroph organo chemo,heterotroph,organotroph,chemotroph,,,,No,
Chlamydia trachomatis serovar D,Negative,obligate_intracellular_parasite,Yes,No,heterotroph organo chemo,heterotroph,organotroph,chemotroph,Yes,Human,Urogenital eyes,No,
Chlamydophila pneumoniae,Negative,obligate_intracellular,No,No,,,,,Yes,Human,Respiratory_tract,No,
Citrobacter freundii,Negative,facultative_anaerobes,Yes,No,heterotroph organo chemo,heterotroph,organotroph,chemotroph,Yes,Human  Animal,Gastrointestinal_tract Blood CNS,No,
Citrobacter koseri,Negative,facultative_anaerobes,Yes,No,heterotroph organo chemo,heterotroph,organotroph,chemotroph,Yes,Human  Animal,Gastrointestinal_tract Blood CNS,No,
Clostridium acetobutylicum,Positive,anaerobes,Yes,No,heterotroph organo chemo,heterotroph,organotroph,chemotroph,Yes,Human  Animal,Gastrointestinal_tract,No,
Clostridium botulinum,Positive,anaerobes,Yes,Yes,heterotroph organo chemo,heterotroph,organotroph,chemotroph,Yes,Human  Animal,Gastrointestinal_tract Blood CNS,No,
Clostridium difficile,Positive,anaerobes,Yes,Yes,heterotroph organo chemo,heterotroph,organotroph,chemotroph,Yes,Human  Animal,Gastrointestinal_tract,No,
Clostridium perfringens,Positive,anaerobes,Yes,Yes,heterotroph organo chemo,heterotroph,organotroph,chemotroph,Yes,Human  Animal,Gastrointestinal_tract Blood CNS,No,
Clostridium tetani,Positive,anaerobes,Yes,Yes,heterotroph organo chemo,heterotroph,organotroph,chemotroph,Yes,Human  Animal,Blood CNS,No,
Comamonas acidovorans,Negative,aerobes,Yes,No,heterotroph organo chemo,heterotroph,organotroph,chemotroph,No,,None,No,
Comamonas denitrificans,Negative,aerobes,Yes,No,heterotroph organo chemo,heterotroph,organotroph,chemotroph,No,,None,No,
Comamonas testosteroni,Negative,aerobes,Yes,No,heterotroph organo chemo,heterotroph,organotroph,chemotroph,No,,None,No,
Corynebacterium diphtheriae,Positive,aerobes,Yes,No,heterotroph organo chemo,heterotroph,organotroph,chemotroph,Yes,Human,Respiratory_tract Skin,No,
Corynebacterium diphtheriae,Positive,aerobes,Yes,Yes,heterotroph organo chemo,heterotroph,organotroph,chemotroph,,,,No,
Corynebacterium glutamicum,Positive,aerobes,Yes,No,heterotroph organo chemo,heterotroph,organotroph,chemotroph,No,,None,No,
Corynebacterium jeikeium,Positive,facultative_anaerobes,Yes,Yes,heterotroph organo chemo,heterotroph,organotroph,chemotroph,Yes,Human,Respiratory_tract Blood CNS,No,
Corynebacterium jeikeium,Positive,aerobes,Yes,No,heterotroph organo chemo,heterotroph,organotroph,chemotroph,,,,No,
Corynebacterium striatum,Positive,aerobes,Yes,No,heterotroph organo chemo,heterotroph,organotroph,chemotroph,No,,None,No,
Corynebacterium urealyticum,Positive,aerobes,Yes,No,heterotroph organo chemo,heterotroph,organotroph,chemotroph,No,,None,No,
Corynebacterium xerosis,Positive,aerobes,Yes,No,heterotroph organo chemo,heterotroph,organotroph,chemotroph,No,,None,No,
Coxiella burnetii,Negative,obligate_intracellular_parasite,Yes,No,heterotroph organo chemo,heterotroph,organotroph,chemotroph,Yes,Human  Animal,Blood CNS,No,
Coxiella burnetii,Negative,obligate_intracellular,Yes,No,heterotroph organo chemo,heterotroph,organotroph,chemotroph,,,,No,
Coxiella burnetii,Positive,obligate_intracellular,No,No,heterotroph organo chemo,heterotroph,organotroph,chemotroph,,,,No,
Coxiella burnetii,Negative,obligate_intracellular,No,No,heterotroph organo chemo,heterotroph,organotroph,chemotroph,,,,No,
Cryptococcus neoformans,not available,obligate_aerobes,Yes,No,heterotroph organo chemo,heterotroph,organotroph,chemotroph,Yes,Human,Respiratory_tract Blood CNS,No,
Cryptococcus neoformans,Positive,facultative_anaerobes,Yes,No,heterotroph organo chemo,heterotroph,organotroph,chemotroph,,,,No,
Cryptosporidium parvum,Positive,anaerobes,No,No,heterotroph organo chemo,heterotroph,organotroph,chemotroph,Yes,Human  Animal,Gastrointestinal_tract,No,
Cutibacterium acnes,Positive,anaerobes,Yes,No,heterotroph organo chemo,heterotroph,organotroph,chemotroph,Yes,Human,Skin,No,
Deinococcus radiodurans,Positive,aerobes,Yes,No,heterotroph organo chemo,heterotroph,organotroph,chemotroph,No,,None,Yes,Acidophile
Dialister pneumosintes,Negative,anaerobes,Yes,No,heterotroph organo chemo,heterotroph,organotroph,chemotroph,Yes,Human,Respiratory_tract,No,
Edwardsiella tarda,Negative,facultative_anaerobes,Yes,No,heterotroph organo chemo,heterotroph,organotroph,chemotroph,Yes,Animal,Gastrointestinal_tract,No,
Ehrlichia chaffeensis,Negative,obligate_intracellular_parasite,Yes,No,heterotroph organo chemo,heterotroph,organotroph,chemotroph,Yes,Human,Blood CNS,No,
Ehrlichia chaffeensis,Negative,obligate_intracellular,Yes,No,heterotroph organo chemo,heterotroph,organotroph,chemotroph,,,,No,
Ehrlichia chaffeensis,Negative,obligate_intracellular,No,No,heterotroph organo chemo,heterotroph,organotroph,chemotroph,,,,No,
Encephalitozoon intestinalis,Positive,anaerobes,No,No,heterotroph organo chemo,heterotroph,organotroph,chemotroph,Yes,Human  Animal,Gastrointestinal_tract,No,
Enterobacter aerogenes,Negative,facultative_anaerobes,Yes,No,heterotroph organo chemo,heterotroph,organotroph,chemotroph,Yes,Human  Animal,Gastrointestinal_tract Blood CNS,No,
Enterobacter cloacae,Negative,facultative_anaerobes,Yes,No,heterotroph organo chemo,heterotroph,organotroph,chemotroph,Yes,Human  Animal,Gastrointestinal_tract Blood CNS,No,
Enterobacteriaceae,Negative,facultative_anaerobes,Yes,No,heterotroph organo chemo,heterotroph,organotroph,chemotroph,Yes,Human  Animal,Gastrointestinal_tract Blood CNS,No,
Enterococcus casseliflavus,Positive,facultative_anaerobes,Yes,No,heterotroph organo chemo,heterotroph,organotroph,chemotroph,Yes,Human,Gastrointestinal_tract Urogenital,No,
Enterococcus faecalis,Positive,facultative_anaerobes,Yes,No,heterotroph organo chemo,heterotroph,organotroph,chemotroph,Yes,Human,Gastrointestinal_tract Urogenital,No,
Enterococcus faecium,Positive,facultative_anaerobes,Yes,No,heterotroph organo chemo,heterotroph,organotroph,chemotroph,Yes,Human,Gastrointestinal_tract Urogenital,No,
Enterococcus gallinarum,Positive,facultative_anaerobes,Yes,No,heterotroph organo chemo,heterotroph,organotroph,chemotroph,Yes,Animal,Gastrointestinal_tract,No,
Enterococcus raffinosus,Positive,facultative_anaerobes,Yes,No,heterotroph organo chemo,heterotroph,organotroph,chemotroph,Yes,Human,Gastrointestinal_tract Urogenital,No,
Enterocytozoon bieneusi,Positive,anaerobes,No,No,heterotroph organo chemo,heterotroph,organotroph,chemotroph,Yes,Human  Animal,Gastrointestinal_tract,No,
Erysipelothrix rhusiopathiae,Positive,facultative_anaerobes,Yes,Yes,heterotroph organo chemo,heterotroph,organotroph,chemotroph,Yes,Animal,Skin,No,
Erysipelothrix rhusiopathiae,Positive,facultative_anaerobes,Yes,No,heterotroph organo chemo,heterotroph,organotroph,chemotroph,,,,No,
Escherichia albertii,Negative,facultative_anaerobes,Yes,No,heterotroph organo chemo,heterotroph,organotroph,chemotroph,Yes,Human  Animal,Gastrointestinal_tract,No,
Escherichia blattae,Negative,facultative_anaerobes,Yes,No,heterotroph organo chemo,heterotroph,organotroph,chemotroph,Yes,Animal,Gastrointestinal_tract,No,
Escherichia coli,Negative,facultative_anaerobes,Yes,No,heterotroph organo chemo,heterotroph,organotroph,chemotroph,Yes,Human  Animal,Gastrointestinal_tract Blood CNS,No,
Escherichia fergusonii,Negative,facultative_anaerobes,Yes,No,heterotroph organo chemo,heterotroph,organotroph,chemotroph,Yes,Human  Animal,Gastrointestinal_tract,No,
Escherichia hermannii,Negative,facultative_anaerobes,Yes,No,heterotroph organo chemo,heterotroph,organotroph,chemotroph,Yes,Human  Animal,Gastrointestinal_tract,No,
Escherichia vulneris,Negative,facultative_anaerobes,Yes,No,heterotroph organo chemo,heterotroph,organotroph,chemotroph,Yes,Human  Animal,Gastrointestinal_tract,No,
Eubacterium lentum,Positive,anaerobes,Yes,No,heterotroph organo chemo,heterotroph,organotroph,chemotroph,Yes,Human,Gastrointestinal_tract,No,
Eubacterium rectale,Positive,anaerobes,Yes,No,heterotroph organo chemo,heterotroph,organotroph,chemotroph,Yes,Human,Gastrointestinal_tract,No,
Exiguobacterium sibiricum,Positive,aerobes,Yes,No,heterotroph organo chemo,heterotroph,organotroph,chemotroph,No,,None,No,
Finegoldia magna,Positive,anaerobes,Yes,No,heterotroph organo chemo,heterotroph,organotroph,chemotroph,Yes,Human,Gastrointestinal_tract,No,
Flavobacterium meningosepticum,Negative,facultative_anaerobes,Yes,No,heterotroph organo chemo,heterotroph,organotroph,chemotroph,Yes,Human  Animal,Respiratory_tract Blood CNS,No,
Flavobacterium meningosepticum,Negative,aerobes,Yes,No,heterotroph organo chemo,heterotroph,organotroph,chemotroph,,,,No,
Francisella philomiragia,Negative,facultative_anaerobes,Yes,No,heterotroph organo chemo,heterotroph,organotroph,chemotroph,Yes,Human  Animal,Blood CNS,No,
Francisella philomiragia,Negative,facultative_intracellular,Yes,No,heterotroph organo chemo,heterotroph,organotroph,chemotroph,,,,No,
Francisella tularensis,Negative,facultative_intracellular_parasite,Yes,No,heterotroph organo chemo,heterotroph,organotroph,chemotroph,Yes,Human  Animal,Blood CNS,No,
Francisella tularensis,Negative,facultative_anaerobes,Yes,No,heterotroph organo chemo,heterotroph,organotroph,chemotroph,,,,No,
Francisella tularensis,Positive,facultative_intracellular,Yes,No,heterotroph organo chemo,heterotroph,organotroph,chemotroph,,,,No,
Francisella tularensis,Negative,facultative_intracellular,Yes,No,heterotroph organo chemo,heterotroph,organotroph,chemotroph,,,,No,
Fusarium oxysporum,Positive,aerobes,Yes,No,,,,,Yes,Plant,Respiratory_tract,No,
Fusarium proliferatum,Positive,aerobes,Yes,No,,,,,Yes,Plant,Respiratory_tract,No,
Fusarium solani,Positive,aerobes,Yes,No,,,,,Yes,Plant,Respiratory_tract,No,
Fusarium verticillioides,Positive,aerobes,Yes,No,,,,,Yes,Plant,Respiratory_tract,No,
Fusobacterium nucleatum,Negative,anaerobes,Yes,No,heterotroph organo chemo,heterotroph,organotroph,chemotroph,Yes,Human,Gastrointestinal_tract  oral_cavity,No,
Gardnerella vaginalis,gram-variable,facultative_anaerobes,Yes,No,heterotroph organo chemo,heterotroph,organotroph,chemotroph,Yes,Human,Urogenital,No,
Gardnerella vaginalis,Positive,anaerobes,No,No,heterotroph organo chemo,heterotroph,organotroph,chemotroph,,,,No,
Gemella haemolysans,Positive,facultative_anaerobes,Yes,No,heterotroph organo chemo,heterotroph,organotroph,chemotroph,Yes,Human,oral_cavity Respiratory_tract,No,
Giardia intestinalis,Positive,anaerobes,No,No,heterotroph organo chemo,heterotroph,organotroph,chemotroph,Yes,Human  Animal,Gastrointestinal_tract,No,
Glaesserella parasuis,Negative,facultative_anaerobes,Yes,No,heterotroph organo chemo,heterotroph,organotroph,chemotroph,Yes,Animal,Respiratory_tract,No,
Haemophilus ducreyi,Negative,facultative_anaerobes,Yes,No,heterotroph organo chemo,heterotroph,organotroph,chemotroph,Yes,Human,Urogenital,No,
Haemophilus ducreyi,Positive,facultative_anaerobes,Yes,No,heterotroph organo chemo,heterotroph,organotroph,chemotroph,,,,No,
Haemophilus influenzae,Negative,aerotolerant,Yes,No,heterotroph organo chemo,heterotroph,organotroph,chemotroph,Yes,Human,Respiratory_tract Blood CNS,No,
Haemophilus influenzae,Negative,facultative_anaerobes,Yes,No,heterotroph organo chemo,heterotroph,organotroph,chemotroph,,,,No,
Haemophilus influenzae,Positive,facultative_anaerobes,Yes,No,heterotroph organo chemo,heterotroph,organotroph,chemotroph,,,,No,
Haemophilus influenzae type b,Negative,aerotolerant,Yes,No,heterotroph organo chemo,heterotroph,organotroph,chemotroph,Yes,Human,Respiratory_tract Blood CNS,No,
Haemophilus parainfluenzae,Negative,facultative_anaerobes,Yes,No,heterotroph organo chemo,heterotroph,organotroph,chemotroph,Yes,Human,Respiratory_tract Blood CNS,No,
Haemophilus parainfluenzae,Positive,facultative_anaerobes,Yes,No,heterotroph organo chemo,heterotroph,organotroph,chemotroph,,,,No,
Hafnia alvei,Negative,facultative_anaerobes,Yes,No,heterotroph organo chemo,heterotroph,organotroph,chemotroph,Yes,Human  Animal,Gastrointestinal_tract Blood CNS,No,
Helicobacter pylori,Negative,microaerophile,Yes,No,heterotroph organo chemo,heterotroph,organotroph,chemotroph,Yes,Human,Gastrointestinal_tract,No,
Herbaspirillum rubrisubalbicans,Negative,aerobes,Yes,No,heterotroph organo chemo,heterotroph,organotroph,chemotroph,No,Plant,None,No,
Herbaspirillum seropedicae,Negative,aerobes,Yes,No,heterotroph organo chemo,heterotroph,organotroph,chemotroph,No,Plant,None,No,
Histophilus somni,Negative,facultative_anaerobes,Yes,No,heterotroph organo chemo,heterotroph,organotroph,chemotroph,Yes,Animal,Respiratory_tract,No,
Klebsiella granulomatis,Negative,facultative_anaerobes,Yes,No,heterotroph organo chemo,heterotroph,organotroph,chemotroph,Yes,Human,Urogenital,No,
Klebsiella oxytoca,Negative,facultative_anaerobes,Yes,No,heterotroph organo chemo,heterotroph,organotroph,chemotroph,Yes,Human  Animal,Gastrointestinal_tract Blood CNS,No,
Klebsiella pneumoniae,Negative,facultative_anaerobes,Yes,No,heterotroph organo chemo,heterotroph,organotroph,chemotroph,Yes,Human  Animal,Gastrointestinal_tract Blood CNS,No,
Kocuria kristinae,Positive,aerobes,Yes,No,heterotroph organo chemo,heterotroph,organotroph,chemotroph,No,,None,No,
Kocuria rhizophila,Positive,aerobes,Yes,No,heterotroph organo chemo,heterotroph,organotroph,chemotroph,No,,None,No,
Lactobacillus acidophilus,Positive,facultative_anaerobes,Yes,No,heterotroph organo chemo,heterotroph,organotroph,chemotroph,No,,None,No,
Lactobacillus casei,Positive,facultative_anaerobes,Yes,No,heterotroph organo chemo,heterotroph,organotroph,chemotroph,No,,None,No,
Lactobacillus delbrueckii,Positive,facultative_anaerobes,Yes,No,heterotroph organo chemo,heterotroph,organotroph,chemotroph,No,,None,No,
Lactobacillus fermentum,Positive,facultative_anaerobes,Yes,No,heterotroph organo chemo,heterotroph,organotroph,chemotroph,No,,None,No,
Lactobacillus gasseri,Positive,facultative_anaerobes,Yes,No,heterotroph organo chemo,heterotroph,organotroph,chemotroph,No,,None,No,
Lactobacillus helveticus,Positive,facultative_anaerobes,Yes,No,heterotroph organo chemo,heterotroph,organotroph,chemotroph,No,,None,No,
Lactobacillus johnsonii,Positive,facultative_anaerobes,Yes,No,heterotroph organo chemo,heterotroph,organotroph,chemotroph,No,,None,No,
Lactobacillus plantarum,Positive,facultative_anaerobes,Yes,No,heterotroph organo chemo,heterotroph,organotroph,chemotroph,No,,None,No,
Lactobacillus reuteri,Positive,facultative_anaerobes,Yes,No,heterotroph organo chemo,heterotroph,organotroph,chemotroph,No,,None,No,
Lactobacillus rhamnosus,Positive,facultative_anaerobes,Yes,No,heterotroph organo chemo,heterotroph,organotroph,chemotroph,No,,None,No,
Lactobacillus sakei,Positive,facultative_anaerobes,Yes,No,heterotroph organo chemo,heterotroph,organotroph,chemotroph,No,,None,No,
Lactobacillus salivarius,Positive,facultative_anaerobes,Yes,No,heterotroph organo chemo,heterotroph,organotroph,chemotroph,No,,None,No,
Legionella bozemanii,Positive,facultative_intracellular,Yes,No,heterotroph organo chemo,heterotroph,organotroph,chemotroph,Yes,Human,Respiratory_tract,No,
Legionella bozemanii,Negative,facultative_intracellular,Yes,No,heterotroph organo chemo,heterotroph,organotroph,chemotroph,,,,No,
Legionella dumoffii,Positive,facultative_intracellular,Yes,No,heterotroph organo chemo,heterotroph,organotroph,chemotroph,Yes,Human,Respiratory_tract,No,
Legionella dumoffii,Negative,facultative_intracellular,Yes,No,heterotroph organo chemo,heterotroph,organotroph,chemotroph,,,,No,
Legionella hackeliae,Negative,facultative_anaerobes,Yes,No,heterotroph organo chemo,heterotroph,organotroph,chemotroph,Yes,Human,Respiratory_tract,No,
Legionella hackeliae,Negative,facultative_intracellular,Yes,No,heterotroph organo chemo,heterotroph,organotroph,chemotroph,,,,No,
Legionella longbeachae,Negative,facultative_anaerobes,Yes,No,heterotroph organo chemo,heterotroph,organotroph,chemotroph,Yes,Human,Respiratory_tract,No,
Legionella longbeachae,Positive,facultative_intracellular,Yes,No,heterotroph organo chemo,heterotroph,organotroph,chemotroph,,,,No,
Legionella longbeachae,Negative,facultative_intracellular,Yes,No,heterotroph organo chemo,heterotroph,organotroph,chemotroph,,,,No,
Legionella micdadei,Positive,facultative_intracellular,Yes,No,heterotroph organo chemo,heterotroph,organotroph,chemotroph,Yes,Human,Respiratory_tract,No,
Legionella micdadei,Negative,facultative_intracellular,Yes,No,heterotroph organo chemo,heterotroph,organotroph,chemotroph,,,,No,
Legionella pneumophila,Negative,aerobes,Yes,No,heterotroph organo chemo,heterotroph,organotroph,chemotroph,Yes,Human,Respiratory_tract,No,
Legionella pneumophila,Negative,facultative_anaerobes,Yes,No,heterotroph organo chemo,heterotroph,organotroph,chemotroph,,,,No,
Legionella pneumophila,Positive,facultative_intracellular,Yes,No,heterotroph organo chemo,heterotroph,organotroph,chemotroph,,,,No,
Legionella pneumophila,Negative,facultative_intracellular,Yes,No,heterotroph organo chemo,heterotroph,organotroph,chemotroph,,,,No,
Legionella pneumophila serogroup 1,Negative,aerobes,Yes,No,heterotroph organo chemo,heterotroph,organotroph,chemotroph,Yes,Human,Respiratory_tract,No,
Leptospira interrogans,Negative,aerotolerant,Yes,No,heterotroph organo chemo,heterotroph,organotroph,chemotroph,Yes,Human  Animal,Blood CNS,No,
Leptospira interrogans,Negative,aerobes,Yes,No,heterotroph organo chemo,heterotroph,organotroph,chemotroph,,,,No,
Leptothrix buccalis,Positive,aerobes,Yes,No,heterotroph organo chemo,heterotroph,organotroph,chemotroph,Yes,Human,oral_cavity,No,
Leptothrix buccalis,Negative,anaerobes,Yes,No,heterotroph organo chemo,heterotroph,organotroph,chemotroph,,,,No,
Leptotrichia buccalis,Negative,anaerobes,Yes,No,heterotroph organo chemo,heterotroph,organotroph,chemotroph,Yes,Human,oral_cavity,No,
Leuconostoc mesenteroides,Positive,facultative_anaerobes,Yes,No,heterotroph organo chemo,heterotroph,organotroph,chemotroph,No,,None,No,
Listeria innocua,Positive,facultative_anaerobes,Yes,No,heterotroph organo chemo,heterotroph,organotroph,chemotroph,Yes,Human  Animal,Gastrointestinal_tract Blood CNS,No,
Listeria monocytogenes,Positive,facultative_anaerobes,Yes,No,heterotroph organo chemo,heterotroph,organotroph,chemotroph,Yes,Human  Animal,Gastrointestinal_tract Blood CNS,No,
Listeria monocytogenes,Positive,facultative_anaerobes,Yes,Yes,heterotroph organo chemo,heterotroph,organotroph,chemotroph,,,,No,
Mannheimia haemolytica,Negative,facultATIVE_anaerobes,Yes,No,heterotroph organo chemo,heterotroph,organotroph,chemotroph,Yes,Animal,Respiratory_tract,No,
Megasphaera elsdenii,Positive,anaerobes,Yes,No,heterotroph organo chemo,heterotroph,organotroph,chemotroph,Yes,Human,Gastrointestinal_tract,No,
Megasphaera elsdenii,Negative,anaerobes,Yes,No,heterotroph organo chemo,heterotroph,organotroph,chemotroph,,,,No,
Megasphaera micronuciformis,Positive,anaerobes,Yes,No,heterotroph organo chemo,heterotroph,organotroph,chemotroph,Yes,Human,Gastrointestinal_tract,No,
Microbacterium terregens,Positive,aerobes,Yes,No,heterotroph organo chemo,heterotroph,organotroph,chemotroph,No,,None,No,
Micrococcus luteus,Positive,aerobes,Yes,No,heterotroph organo chemo,heterotroph,organotroph,chemotroph,No,,None,No,
Micrococcus luteus,Positive,aerobes,Yes,No,heterotroph organo chemo,heterotroph,organotroph,chemotroph,,,,No,
Micromonospora echinospora,Positive,aerobes,Yes,No,heterotroph organo chemo,heterotroph,organotroph,chemotroph,No,,None,No,
Micromonospora purpurea,Positive,aerobes,Yes,Yes,heterotroph organo chemo,heterotroph,organotroph,chemotroph,No,,None,No,
Microsporidium cuniculi,Positive,anaerobes,No,No,heterotroph organo chemo,heterotroph,organotroph,chemotroph,Yes,Human  Animal,Gastrointestinal_tract,No,
Moraxella catarrhalis,Negative,facultative_anaerobes,Yes,No,heterotroph organo chemo,heterotroph,organotroph,chemotroph,Yes,Human,Respiratory_tract,No,
Moraxella catarrhalis,Positive,aerobes,Yes,No,heterotroph organo chemo,heterotroph,organotroph,chemotroph,,,,No,
Moraxella catarrhalis,Negative,aerobes,Yes,No,heterotroph organo chemo,heterotroph,organotroph,chemotroph,,,,No,
Moraxella nonliquefaciens,Positive,aerobes,Yes,No,heterotroph organo chemo,heterotroph,organotroph,chemotroph,Yes,Human,Respiratory_tract,No,
Moraxella nonliquefaciens,Negative,aerobes,Yes,No,heterotroph organo chemo,heterotroph,organotroph,chemotroph,,,,No,
Moraxella osloensis,Positive,aerobes,Yes,No,heterotroph organo chemo,heterotroph,organotroph,chemotroph,Yes,Human,Respiratory_tract,No,
Moraxella osloensis,Negative,aerobes,Yes,No,heterotroph organo chemo,heterotroph,organotroph,chemotroph,,,,No,
Morganella morganii,Negative,facultative_anaerobes,Yes,No,heterotroph organo chemo,heterotroph,organotroph,chemotroph,Yes,Human  Animal,Gastrointestinal_tract Blood CNS,No,
Mucor circinelloides,Positive,aerobes,Yes,No,heterotroph organo chemo,heterotroph,organotroph,chemotroph,Yes,Human  Animal,Respiratory_tract,No,
Mucor hiemalis,Positive,aerobes,Yes,No,heterotroph organo chemo,heterotroph,organotroph,chemotroph,Yes,Human  Animal,Respiratory_tract,No,
Mucor piriformis,Positive,aerobes,Yes,No,heterotroph organo chemo,heterotroph,organotroph,chemotroph,Yes,Human  Animal,Respiratory_tract,No,
Mucor racemosus,Positive,aerobes,Yes,No,heterotroph organo chemo,heterotroph,organotroph,chemotroph,Yes,Human  Animal,Respiratory_tract,No,
Mycobacterium abscessus,Positive,aerobes,Yes,No,heterotroph organo chemo,heterotroph,organotroph,chemotroph,Yes,Human,Respiratory_tract Blood CNS,No,
Mycobacterium africanum,Positive,aerobes,Yes,No,heterotroph organo chemo,heterotroph,organotroph,chemotroph,Yes,Human,Respiratory_tract Blood CNS,No,
Mycobacterium avium,Positive,aerobes,Yes,No,heterotroph organo chemo,heterotroph,organotroph,chemotroph,Yes,Human,Respiratory_tract Blood CNS,No,
Mycobacterium avium,Positive,aerobes,No,No,heterotroph organo chemo,heterotroph,organotroph,chemotroph,,,,No,
Mycobacterium avium complex,Positive,aerobes,Yes,No,heterotroph organo chemo,heterotroph,organotroph,chemotroph,Yes,Human,Respiratory_tract Blood CNS,No,
Mycobacterium bovis,Positive,aerobes,Yes,No,heterotroph organo chemo,heterotroph,organotroph,chemotroph,Yes,Human  Animal,Respiratory_tract Blood CNS,No,
Mycobacterium chelonae,Positive,aerobes,Yes,No,heterotroph organo chemo,heterotroph,organotroph,chemotroph,Yes,Human,Respiratory_tract Blood CNS,No,
Mycobacterium fortuitum,Positive,aerobes,Yes,No,heterotroph organo chemo,heterotroph,organotroph,chemotroph,Yes,Human,Respiratory_tract Blood CNS,No,
Mycobacterium fortuitum,Positive,aerobes,No,No,heterotroph organo chemo,heterotroph,organotroph,chemotroph,,,,No,
Mycobacterium intracellulare,Positive,aerobes,Yes,No,heterotroph organo chemo,heterotroph,organotroph,chemotroph,Yes,Human,Respiratory_tract Blood CNS,No,
Mycobacterium intracellulare,Positive,aerobes,No,No,heterotroph organo chemo,heterotroph,organotroph,chemotroph,,,,No,
Mycobacterium kansasii,Positive,aerobes,Yes,No,heterotroph organo chemo,heterotroph,organotroph,chemotroph,Yes,Human,Respiratory_tract Blood CNS,No,
Mycobacterium kansasii,Positive,aerobes,No,No,heterotroph organo chemo,heterotroph,organotroph,chemotroph,,,,No,
Mycobacterium leprae,Positive,aerobes microaerophile,Yes,No,heterotroph organo chemo,heterotroph,organotroph,chemotroph,Yes,Human,Skin Blood CNS,No,
Mycobacterium leprae,Positive,obligate_intracellular_parasite,Yes,Yes,heterotroph organo chemo,heterotroph,organotroph,chemotroph,,,,No,
Mycobacterium leprae,Positive,aerobes,Yes,No,heterotroph organo chemo,heterotroph,organotroph,chemotroph,,,,No,
Mycobacterium leprae,Positive,aerobes,No,No,heterotroph organo chemo,heterotroph,organotroph,chemotroph,,,,No,
Mycobacterium marinum,Positive,aerobes,Yes,No,heterotroph organo chemo,heterotroph,organotroph,chemotroph,Yes,Human,Skin Blood CNS,No,
Mycobacterium smegmatis,Positive,aerobes,Yes,No,heterotroph organo chemo,heterotroph,organotroph,chemotroph,No,,None,Yes,Psychrophile
Mycobacterium tuberculosis,Positive,aerobes,Yes,No,heterotroph organo chemo,heterotroph,organotroph,chemotroph,Yes,Human,Respiratory_tract Blood CNS,Yes,Psychrophile
Mycobacterium tuberculosis,Positive,aerobes,Yes,Yes,heterotroph organo chemo,heterotroph,organotroph,chemotroph,,,,Yes,Psychrophile
Mycobacterium tuberculosis,Positive,aerobes,No,No,heterotroph organo chemo,heterotroph,organotroph,chemotroph,,,,Yes,Psychrophile
Mycobacterium tuberculosis complex,Positive,aerobes,Yes,No,heterotroph organo chemo,heterotroph,organotroph,chemotroph,Yes,Human,Respiratory_tract Blood CNS,Yes,Psychrophile
Mycobacterium ulcerans,Positive,aerobes,Yes,No,heterotroph organo chemo,heterotroph,organotroph,chemotroph,Yes,Human,Skin Blood CNS,No,
Mycobacterium xenopi,Positive,aerobes,Yes,No,heterotroph organo chemo,heterotroph,organotroph,chemotroph,Yes,Human,Respiratory_tract Blood CNS,No,
Mycoplasma genitalium,Positive,obligate_intracellular_parasite,Yes,No,heterotroph organo chemo,heterotroph,organotroph,chemotroph,Yes,Human,Urogenital,No,
Mycoplasma genitalium,Positive,anaerobes,No,No,heterotroph organo chemo,heterotroph,organotroph,chemotroph,,,,No,
Mycoplasma hominis,Positive,obligate_intracellular_parasite,Yes,No,heterotroph organo chemo,heterotroph,organotroph,chemotroph,Yes,Human,Urogenital,No,
Mycoplasma hominis,Positive,facultative_anaerobes,Yes,No,heterotroph organo chemo,heterotroph,organotroph,chemotroph,,,,No,
Mycoplasma hominis,Positive,anaerobes,No,No,heterotroph organo chemo,heterotroph,organotroph,chemotroph,,,,No,
Mycoplasma pneumoniae,Positive,obligate_intracellular_parasite,Yes,No,heterotroph organo chemo,heterotroph,organotroph,chemotroph,Yes,Human,Respiratory_tract,No,
Mycoplasma pneumoniae,Positive,facultative_anaerobes,Yes,No,heterotroph organo chemo,heterotroph,organotroph,chemotroph,,,,No,
Mycoplasma pneumoniae,Negative,facultATIVE_anaerobes,Yes,No,heterotroph organo chemo,heterotroph,organotroph,chemotroph,,,,No,
Mycoplasma pneumoniae,Positive,anaerobes,No,No,heterotroph organo chemo,heterotroph,organotroph,chemotroph,,,,No,
Neisseria gonorrhoeae,Negative,aerobes,Yes,No,heterotroph organo chemo,heterotroph,organotroph,chemotroph,Yes,Human,Urogenital,No,
Neisseria gonorrhoeae,Negative,obligate_aerobes,Yes,No,heterotroph organo chemo,heterotroph,organotroph,chemotroph,,,,No,
Neisseria meningitidis,Negative,aerobes,Yes,No,heterotroph organo chemo,heterotroph,organotroph,chemotroph,Yes,Human,Respiratory_tract Blood CNS,No,
Neisseria meningitidis,Negative,obligate_aerobes,Yes,No,heterotroph organo chemo,heterotroph,organotroph,chemotroph,,,,No,
Neisseria meningitidis serogroup A,Negative,aerobes,Yes,No,heterotroph organo chemo,heterotroph,organotroph,chemotroph,Yes,Human,Respiratory_tract Blood CNS,No,
Neurospora crassa,Positive,aerobes,Yes,No,heterotroph organo chemo,heterotroph,organotroph,chemotroph,No,,None,No,
Nocardia asteroides,Positive,aerobes,Yes,No,heterotroph organo chemo,heterotroph,organotroph,chemotroph,Yes,Human,Respiratory_tract Blood CNS,No,
Nocardia brasiliensis,Positive,aerobes,Yes,No,heterotroph organo chemo,heterotroph,organotroph,chemotroph,Yes,Human,Respiratory_tract Blood CNS,No,
Nocardia farcinica,Positive,aerobes,Yes,No,heterotroph organo chemo,heterotroph,organotroph,chemotroph,Yes,Animal,Respiratory_tract Blood CNS,No,
Nocardia otitidiscaviarum,Positive,aerobes,Yes,No,heterotroph organo chemo,heterotroph,organotroph,chemotroph,Yes,Human,Respiratory_tract Blood CNS,No,
Nocardia transvalensis,Positive,aerobes,Yes,No,heterotroph organo chemo,heterotroph,organotroph,chemotroph,Yes,Human,Respiratory_tract Blood CNS,No,
Ochrobactrum anthropi,Negative,facultative_anaerobes,Yes,No,heterotroph organo chemo,heterotroph,organotroph,chemotroph,Yes,Human,Respiratory_tract Blood CNS,No,
Ochrobactrum anthropi,Negative,aerobes,Yes,No,heterotroph organo chemo,heterotroph,organotroph,chemotroph,,,,No,
Ochrobactrum intermedium,Negative,facultative_anaerobes,Yes,No,heterotroph organo chemo,heterotroph,organotroph,chemotroph,Yes,Human,Respiratory_tract Blood CNS,No,
Ochrobactrum intermedium,Negative,aerobes,Yes,No,heterotroph organo chemo,heterotroph,organotroph,chemotroph,,,,No,
Ochrobactrum tritici,Negative,facultative_anaerobes,Yes,No,heterotroph organo chemo,heterotroph,organotroph,chemotroph,Yes,Plant,Respiratory_tract,No,
Ochrobactrum tritici,Negative,aerobes,Yes,No,heterotroph organo chemo,heterotroph,organotroph,chemotroph,,,,No,
Oligella ureolytica,Negative,facultative_anaerobes,Yes,No,heterotroph organo chemo,heterotroph,organotroph,chemotroph,Yes,Human,Urogenital,No,
Orientia tsutsugamushi,Negative,obligate_intracellular_parasite,Yes,No,heterotroph organo chemo,heterotroph,organotroph,chemotroph,Yes,Human,Blood CNS,No,
Orientia tsutsugamushi,Negative,obligate_intracellular,No,No,heterotroph organo chemo,heterotroph,organotroph,chemotroph,,,,No,
Oscilliatoria tenuis,cyanobacteria,phototroph,Yes,No,autotroph phototroph,autotroph,phototroph,,Yes,Human,Respiratory_tract,No,
Oscilliatoria tenuis,Negative,photoautotroph,Yes,No,autotroph phototroph,autotroph,phototroph,,,,,No,
Pasteurella haemolytica,Positive,facultative_anaerobes,Yes,No,heterotroph organo chemo,heterotroph,organotroph,chemotroph,Yes,Animal,Respiratory_tract,No,
Pasteurella haemolytica,Negative,facultative_anaerobes,Yes,No,heterotroph organo chemo,heterotroph,organotroph,chemotroph,,,,No,
Pasteurella multocida,Positive,facultative_anaerobes,Yes,No,heterotroph organo chemo,heterotroph,organotroph,chemotroph,Yes,Animal,Respiratory_tract,No,
Pasteurella multocida,Negative,facultative_anaerobes,Yes,No,heterotroph organo chemo,heterotroph,organotroph,chemotroph,,,,No,
Pasteurella pneumotropica,Positive,facultative_anaerobes,Yes,No,heterotroph organo chemo,heterotroph,organotroph,chemotroph,Yes,Animal,Respiratory_tract,No,
Pasteurella pneumotropica,Negative,facultative_anaerobes,Yes,No,heterotroph organo chemo,heterotroph,organotroph,chemotroph,,,,No,
Penicillium brevicompactum,Positive,aerobes,No,No,heterotroph organo chemo,heterotroph,organotroph,chemotroph,No,,None,No,
Penicillium chrysogenum,Positive,aerobes,No,No,heterotroph organo chemo,heterotroph,organotroph,chemotroph,No,,None,No,
Penicillium expansum,Positive,aerobes,No,No,heterotroph organo chemo,heterotroph,organotroph,chemotroph,No,,None,No,
Penicillium notatum,Positive,aerobes,No,No,heterotroph organo chemo,heterotroph,organotroph,chemotroph,No,,None,No,
Peptostreptococcus anaerobius,Positive,anaerobes,Yes,No,heterotroph organo chemo,heterotroph,organotroph,chemotroph,Yes,Human,Gastrointestinal_tract,No,
Plesiomonas shigelloides,Negative,facultative_anaerobes,Yes,No,heterotroph organo chemo,heterotroph,organotroph,chemotroph,Yes,Human,Gastrointestinal_tract,No,
Pneumocystis jirovecii,Positive,aerobes,No,No,heterotroph organo chemo,heterotroph,organotroph,chemotroph,Yes,Human,Respiratory_tract,No,
Porphyromonas gingivalis,Negative,anaerobes,Yes,No,heterotroph organo chemo,heterotroph,organotroph,chemotroph,Yes,Human,oral_cavity,No,
Prevotella intermedia,Negative,anaerobes,Yes,No,heterotroph organo chemo,heterotroph,organotroph,chemotroph,Yes,Human,oral_cavity,No,
Prevotella melaninogenica,Negative,anaerobes,Yes,No,heterotroph organo chemo,heterotroph,organotroph,chemotroph,Yes,Human,oral_cavity,No,
Propionibacterium acnes,Positive,anaerobes,Yes,No,heterotroph organo chemo,heterotroph,organotroph,chemotroph,Yes,Human,Skin,No,
Propionibacterium acnes,Positive,facultative_anaerobes,Yes,No,heterotroph organo chemo,heterotroph,organotroph,chemotroph,,,,No,
Proteus mirabilis,Negative,facultative_anaerobes,Yes,No,heterotroph organo chemo,heterotroph,organotroph,chemotroph,Yes,Human  Animal,Gastrointestinal_tract Blood CNS,No,
Proteus vulgaris,Negative,facultative_anaerobes,Yes,No,heterotroph organo chemo,heterotroph,organotroph,chemotroph,Yes,Human  Animal,Gastrointestinal_tract Blood CNS,No,
Providencia rettgeri,Negative,facultative_anaerobes,Yes,No,heterotroph organo chemo,heterotroph,organotroph,chemotroph,Yes,Human  Animal,Gastrointestinal_tract Blood CNS,No,
Providencia stuartii,Negative,facultative_anaerobes,Yes,No,heterotroph organo chemo,heterotroph,organotroph,chemotroph,Yes,Human  Animal,Gastrointestinal_tract Blood CNS,No,
Pseudomonas aeruginosa,Negative,aerobes,Yes,No,heterotroph organo chemo,heterotroph,organotroph,chemotroph,Yes,Human  Animal,Respiratory_tract Blood CNS,No,
Pseudomonas fluorescens,Negative,aerobes,Yes,No,heterotroph organo chemo,heterotroph,organotroph,chemotroph,No,,None,No,
Pseudomonas mendocina,Negative,aerobes,Yes,No,heterotroph organo chemo,heterotroph,organotroph,chemotroph,No,,None,No,
Pseudomonas putida,Negative,aerobes,Yes,No,heterotroph organo chemo,heterotroph,organotroph,chemotroph,No,,None,No,
Pseudomonas stutzeri,Negative,aerobes,Yes,No,heterotroph organo chemo,heterotroph,organotroph,chemotroph,Yes,Human  Animal,Respiratory_tract Blood CNS,No,
Ralstonia pickettii,Negative,aerobes,Yes,No,heterotroph organo chemo,heterotroph,organotroph,chemotroph,Yes,Human  Animal,Respiratory_tract Blood CNS,No,
Ralstonia solanacearum,Negative,aerobes,Yes,No,heterotroph organo chemo,heterotroph,organotroph,chemotroph,Yes,Plant,Respiratory_tract,No,
Rhizobium etli,Negative,aerobes,Yes,No,heterotroph organo chemo,heterotroph,organotroph,chemotroph,No,Plant,None,No,
Rhizobium leguminosarum,Negative,aerobes,Yes,No,heterotroph organo chemo,heterotroph,organotroph,chemotroph,No,Plant,None,No,
Rhizobium meliloti,Negative,aerobes,Yes,No,heterotroph organo chemo,heterotroph,organotroph,chemotroph,No,Plant,None,No,
Rhizopus arrhizus,Positive,aerobes,Yes,No,heterotroph organo chemo,heterotroph,organotroph,chemotroph,Yes,Human  Animal,Respiratory_tract,No,
Rhizopus microsporus,Positive,aerobes,Yes,No,heterotroph organo chemo,heterotroph,organotroph,chemotroph,Yes,Human  Animal,Respiratory_tract,No,
Rhizopus oryzae,Positive,aerobes,Yes,No,heterotroph organo chemo,heterotroph,organotroph,chemotroph,Yes,Human  Animal,Respiratory_tract,No,
Rhizopus stolonifer,Positive,aerobes,Yes,No,heterotroph organo chemo,heterotroph,organotroph,chemotroph,Yes,Human  Animal,Respiratory_tract,No,
Rhodococcus equi,Positive,aerobes,Yes,Yes,heterotroph organo chemo,heterotroph,organotroph,chemotroph,Yes,Animal,Respiratory_tract,No,
Rhodococcus equi,Positive,aerobes,Yes,No,heterotroph organo chemo,heterotroph,organotroph,chemotroph,,,,No,
Rickettsia prowazekii,Positive,obligate_intracellular,No,No,heterotroph organo chemo,heterotroph,organotroph,chemotroph,Yes,Human,Blood CNS,No,
Rickettsia prowazekii,Negative,obligate_intracellular,No,No,heterotroph organo chemo,heterotroph,organotroph,chemotroph,,,,No,
Rickettsia rickettsii,Negative,obligate_intracellular_parasite,Yes,No,heterotroph organo chemo,heterotroph,organotroph,chemotroph,Yes,Human,Blood CNS,No,
Rickettsia rickettsii,Positive,obligate_intracellular,No,No,heterotroph organo chemo,heterotroph,organotroph,chemotroph,,,,No,
Rickettsia rickettsii,Negative,obligate_intracellular,No,No,heterotroph organo chemo,heterotroph,organotroph,chemotroph,,,,No,
Rickettsia typhi,Negative,obligate_intracellular_parasite,Yes,No,heterotroph organo chemo,heterotroph,organotroph,chemotroph,Yes,Human,Blood CNS,No,
Rickettsia typhi,Positive,obligate_intracellular,No,No,heterotroph organo chemo,heterotroph,organotroph,chemotroph,,,,No,
Rickettsia typhi,Negative,obligate_intracellular,No,No,heterotroph organo chemo,heterotroph,organotroph,chemotroph,,,,No,
Ruminococcus gnavus,Negative,anaerobes,Yes,No,heterotroph organo chemo,heterotroph,organotroph,chemotroph,Yes,Human,Gastrointestinal_tract,No,
Ruminococcus gnavus,Positive,anaerobes,Yes,No,heterotroph organo chemo,heterotroph,organotroph,chemotroph,,,,No,
Saccharopolyspora erythraea,Positive,aerobes,Yes,Yes,heterotroph organo chemo,heterotroph,organotroph,chemotroph,No,,None,No,
Saccharopolyspora erythraea,Positive,aerobes,Yes,No,heterotroph organo chemo,heterotroph,organotroph,chemotroph,,,,No,
Salmonella enterica,Negative,facultative_anaerobes,Yes,No,heterotroph organo chemo,heterotroph,organotroph,chemotroph,Yes,Human  Animal,Gastrointestinal_tract Blood CNS,No,
Salmonella paratyphi,Negative,facultative_anaerobes,Yes,No,heterotroph organo chemo,heterotroph,organotroph,chemotroph,Yes,Human  Animal,Gastrointestinal_tract Blood CNS,No,
Salmonella typhimurium,Negative,facultative_anaerobes,Yes,No,heterotroph organo chemo,heterotroph,organotroph,chemotroph,Yes,Human  Animal,Gastrointestinal_tract Blood CNS,No,
Selenomonas ruminantium,Negative,anaerobes,Yes,No,heterotroph organo chemo,heterotroph,organotroph,chemotroph,Yes,Animal,Gastrointestinal_tract,No,
Serratia liquefaciens,Negative,facultative_anaerobes,Yes,No,heterotroph organo chemo,heterotroph,organotroph,chemotroph,Yes,Human  Animal,Gastrointestinal_tract Blood CNS,No,
Serratia marcescens,Negative,facultative_anaerobes,Yes,No,heterotroph organo chemo,heterotroph,organotroph,chemotroph,Yes,Human  Animal,Gastrointestinal_tract Blood CNS,No,
Shigella dysenteriae,Negative,facultative_anaerobes,Yes,No,heterotroph organo chemo,heterotroph,organotroph,chemotroph,Yes,Human,Gastrointestinal_tract,No,
Shigella flexneri,Negative,facultative_anaerobes,Yes,No,heterotroph organo chemo,heterotroph,organotroph,chemotroph,Yes,Human,Gastrointestinal_tract,No,
Shigella sonnei,Negative,facultative_anaerobes,Yes,No,heterotroph organo chemo,heterotroph,organotroph,chemotroph,Yes,Human,Gastrointestinal_tract,No,
Sinorhizobium fredii,Negative,aerobes,Yes,No,heterotroph organo chemo,heterotroph,organotroph,chemotroph,No,Plant,None,No,
Sinorhizobium meliloti,Negative,aerobes,Yes,No,heterotroph organo chemo,heterotroph,organotroph,chemotroph,No,Plant,None,No,
Sordaria fimicola,Positive,aerobes,Yes,No,heterotroph organo chemo,heterotroph,organotroph,chemotroph,No,,None,No,
Sphingomonas koreensis,Negative,aerobes,Yes,No,heterotroph organo chemo,heterotroph,organotroph,chemotroph,No,,None,No,
Sphingomonas paucimobilis,Negative,aerobes,Yes,No,heterotroph organo chemo,heterotroph,organotroph,chemotroph,No,,None,No,
Sphingomonas yanoikuyae,Negative,aerobes,Yes,No,heterotroph organo chemo,heterotroph,organotroph,chemotroph,No,,None,No,
Staphylococcus aureus,Positive,facultative_anaerobes,Yes,No,heterotroph organo chemo,heterotroph,organotroph,chemotroph,Yes,Human  Animal,Skin Blood CNS,No,
Staphylococcus epidermidis,Positive,facultative_anaerobes,Yes,No,heterotroph organo chemo,heterotroph,organotroph,chemotroph,Yes,Human  Animal,Skin Blood CNS,No,
Staphylococcus saprophyticus,Positive,facultative_anaerobes,Yes,No,heterotroph organo chemo,heterotroph,organotroph,chemotroph,Yes,Human,Urogenital,No,
Stenotrophomonas maltophilia,Negative,facultative_anaerobes,Yes,No,heterotroph organo chemo,heterotroph,organotroph,chemotroph,Yes,Human  Animal,Respiratory_tract Blood CNS,No,
Stenotrophomonas maltophilia,Negative,aerobes,Yes,No,heterotroph organo chemo,heterotroph,organotroph,chemotroph,,,,No,
Streptococcus agalactiae,Positive,facultative_anaerobes,Yes,No,heterotroph organo chemo,heterotroph,organotroph,chemotroph,Yes,Human,Urogenital,No,
Streptococcus gordonii,Positive,facultative_anaerobes,Yes,No,heterotroph organo chemo,heterotroph,organotroph,chemotroph,Yes,Human,oral_cavity,No,
Streptococcus mutans,Positive,facultative_anaerobes,Yes,No,heterotroph organo chemo,heterotroph,organotroph,chemotroph,Yes,Human,oral_cavity,No,
Streptococcus pneumoniae,Positive,facultative_anaerobes,Yes,No,heterotroph organo chemo,heterotroph,organotroph,chemotroph,Yes,Human,Respiratory_tract Blood CNS,No,
Streptococcus pneumoniae serotype 1,Positive,facultative_anaerobes,Yes,No,heterotroph organo chemo,heterotroph,organotroph,chemotroph,Yes,Human,Respiratory_tract Blood CNS,No,
Streptococcus pneumoniae serotype 10,Positive,facultative_anaerobes,Yes,No,heterotroph organo chemo,heterotroph,organotroph,chemotroph,Yes,Human,Respiratory_tract Blood CNS,No,
Streptococcus pneumoniae serotype 11,Positive,facultative_anaerobes,Yes,No,heterotroph organo chemo,heterotroph,organotroph,chemotroph,Yes,Human,Respiratory_tract Blood CNS,No,
Streptococcus pneumoniae serotype 12,Positive,facultative_anaerobes,Yes,No,heterotroph organo chemo,heterotroph,organotroph,chemotroph,Yes,Human,Respiratory_tract Blood CNS,No,
Streptococcus pneumoniae serotype 13,Positive,facultative_anaerobes,Yes,No,heterotroph organo chemo,heterotroph,organotroph,chemotroph,Yes,Human,Respiratory_tract Blood CNS,No,
Streptococcus pneumoniae serotype 14,Positive,facultative_anaerobes,Yes,No,heterotroph organo chemo,heterotroph,organotroph,chemotroph,Yes,Human,Respiratory_tract Blood CNS,No,
Streptococcus pneumoniae serotype 15,Positive,facultative_anaerobes,Yes,No,heterotroph organo chemo,heterotroph,organotroph,chemotroph,Yes,Human,Respiratory_tract Blood CNS,No,
Streptococcus pneumoniae serotype 16,Positive,facultative_anaerobes,Yes,No,heterotroph organo chemo,heterotroph,organotroph,chemotroph,Yes,Human,Respiratory_tract Blood CNS,No,
Streptococcus pneumoniae serotype 17,Positive,facultative_anaerobes,Yes,No,heterotroph organo chemo,heterotroph,organotroph,chemotroph,Yes,Human,Respiratory_tract Blood CNS,No,
Streptococcus pneumoniae serotype 18,Positive,facultative_anaerobes,Yes,No,heterotroph organo chemo,heterotroph,organotroph,chemotroph,Yes,Human,Respiratory_tract Blood CNS,No,
Streptococcus pneumoniae serotype 19,Positive,facultative_anaerobes,Yes,No,heterotroph organo chemo,heterotroph,organotroph,chemotroph,Yes,Human,Respiratory_tract Blood CNS,No,
Streptococcus pneumoniae serotype 2,Positive,facultative_anaerobes,Yes,No,heterotroph organo chemo,heterotroph,organotroph,chemotroph,Yes,Human,Respiratory_tract Blood CNS,No,
Streptococcus pneumoniae serotype 20,Positive,facultative_anaerobes,Yes,No,heterotroph organo chemo,heterotroph,organotroph,chemotroph,Yes,Human,Respiratory_tract Blood CNS,No,
Streptococcus pneumoniae serotype 21,Positive,facultative_anaerobes,Yes,No,heterotroph organo chemo,heterotroph,organotroph,chemotroph,Yes,Human,Respiratory_tract Blood CNS,No,
Streptococcus pneumoniae serotype 22,Positive,facultative_anaerobes,Yes,No,heterotroph organo chemo,heterotroph,organotroph,chemotroph,Yes,Human,Respiratory_tract Blood CNS,No,
Streptococcus pneumoniae serotype 23,Positive,facultative_anaerobes,Yes,No,heterotroph organo chemo,heterotroph,organotroph,chemotroph,Yes,Human,Respiratory_tract Blood CNS,No,
Streptococcus pneumoniae serotype 24,Positive,facultative_anaerobes,Yes,No,heterotroph organo chemo,heterotroph,organotroph,chemotroph,Yes,Human,Respiratory_tract Blood CNS,No,
Streptococcus pneumoniae serotype 25,Positive,facultative_anaerobes,Yes,No,heterotroph organo chemo,heterotroph,organotroph,chemotroph,Yes,Human,Respiratory_tract Blood CNS,No,
Streptococcus pneumoniae serotype 26,Positive,facultative_anaerobes,Yes,No,heterotroph organo chemo,heterotroph,organotroph,chemotroph,Yes,Human,Respiratory_tract Blood CNS,No,
Streptococcus pneumoniae serotype 27,Positive,facultative_anaerobes,Yes,No,heterotroph organo chemo,heterotroph,organotroph,chemotroph,Yes,Human,Respiratory_tract Blood CNS,No,
Streptococcus pneumoniae serotype 28,Positive,facultative_anaerobes,Yes,No,heterotroph organo chemo,heterotroph,organotroph,chemotroph,Yes,Human,Respiratory_tract Blood CNS,No,
Streptococcus pneumoniae serotype 29,Positive,facultative_anaerobes,Yes,No,heterotroph organo chemo,heterotroph,organotroph,chemotroph,Yes,Human,Respiratory_tract Blood CNS,No,
Streptococcus pneumoniae serotype 30,Positive,facultative_anaerobes,Yes,No,heterotroph organo chemo,heterotroph,organotroph,chemotroph,Yes,Human,Respiratory_tract Blood CNS,No,
Streptococcus pneumoniae serotype 31,Positive,facultative_anaerobes,Yes,No,heterotroph organo chemo,heterotroph,organotroph,chemotroph,Yes,Human,Respiratory_tract Blood CNS,No,
Streptococcus pneumoniae serotype 4,Positive,facultative_anaerobes,Yes,No,heterotroph organo chemo,heterotroph,organotroph,chemotroph,Yes,Human,Respiratory_tract Blood CNS,No,
Streptococcus pneumoniae serotype 5,Positive,facultative_anaerobes,Yes,No,heterotroph organo chemo,heterotroph,organotroph,chemotroph,Yes,Human,Respiratory_tract Blood CNS,No,
Streptococcus pneumoniae serotype 6,Positive,facultative_anaerobes,Yes,No,heterotroph organo chemo,heterotroph,organotroph,chemotroph,Yes,Human,Respiratory_tract Blood CNS,No,
Streptococcus pneumoniae serotype 7,Positive,facultative_anaerobes,Yes,No,heterotroph organo chemo,heterotroph,organotroph,chemotroph,Yes,Human,Respiratory_tract Blood CNS,No,
Streptococcus pneumoniae serotype 8,Positive,facultative_anaerobes,Yes,No,heterotroph organo chemo,heterotroph,organotroph,chemotroph,Yes,Human,Respiratory_tract Blood CNS,No,
Streptococcus pneumoniae serotype 9,Positive,facultative_anaerobes,Yes,No,heterotroph organo chemo,heterotroph,organotroph,chemotroph,Yes,Human,Respiratory_tract Blood CNS,No,
Streptococcus pyogenes,Positive,facultative_anaerobes,Yes,No,heterotroph organo chemo,heterotroph,organotroph,chemotroph,Yes,Human,Skin Blood CNS,No,
Streptococcus sanguinis,Positive,facultative_anaerobes,Yes,No,heterotroph organo chemo,heterotroph,organotroph,chemotroph,Yes,Human,oral_cavity,No,
Streptococcus sobrinus,Positive,facultative_anaerobes,Yes,No,heterotroph organo chemo,heterotroph,organotroph,chemotroph,Yes,Human,oral_cavity,No,
Streptomyces aureofaciens,Positive,aerobes,Yes,Yes,heterotroph organo chemo,heterotroph,organotroph,chemotroph,No,,None,No,
Streptomyces aureofaciens,Positive,aerobes,Yes,No,heterotroph organo chemo,heterotroph,organotroph,chemotroph,,,,No,
Streptomyces avermitilis,Positive,aerobes,Yes,Yes,heterotroph organo chemo,heterotroph,organotroph,chemotroph,No,,None,No,
Streptomyces avermitilis,Positive,aerobes,Yes,No,heterotroph organo chemo,heterotroph,organotroph,chemotroph,,,,No,
Streptomyces badius,Positive,aerobes,Yes,Yes,heterotroph organo chemo,heterotroph,organotroph,chemotroph,No,,None,No,
Streptomyces badius,Positive,aerobes,Yes,No,heterotroph organo chemo,heterotroph,organotroph,chemotroph,,,,No,
Streptomyces chrysomallus,Positive,aerobes,Yes,Yes,heterotroph organo chemo,heterotroph,organotroph,chemotroph,No,,None,No,
Streptomyces chrysomallus,Positive,aerobes,Yes,No,heterotroph organo chemo,heterotroph,organotroph,chemotroph,,,,No,
Streptomyces clavuligerus,Positive,aerobes,Yes,Yes,heterotroph organo chemo,heterotroph,organotroph,chemotroph,No,,None,No,
Streptomyces clavuligerus,Positive,aerobes,Yes,No,heterotroph organo chemo,heterotroph,organotroph,chemotroph,,,,No,
Streptomyces coelicolor,Positive,aerobes,Yes,Yes,heterotroph organo chemo,heterotroph,organotroph,chemotroph,No,,None,No,
Streptomyces coelicolor,Positive,aerobes,Yes,No,heterotroph organo chemo,heterotroph,organotroph,chemotroph,,,,No,
Streptomyces fradiae,Positive,aerobes,Yes,Yes,heterotroph organo chemo,heterotroph,organotroph,chemotroph,No,,None,No,
Streptomyces fradiae,Positive,aerobes,Yes,No,heterotroph organo chemo,heterotroph,organotroph,chemotroph,,,,No,
Streptomyces glaucescens,Positive,aerobes,Yes,Yes,heterotroph organo chemo,heterotroph,organotroph,chemotroph,No,,None,No,
Streptomyces glaucescens,Positive,aerobes,Yes,No,heterotroph organo chemo,heterotroph,organotroph,chemotroph,,,,No,
Streptomyces griseoviridis,Positive,aerobes,Yes,Yes,heterotroph organo chemo,heterotroph,organotroph,chemotroph,No,,None,No,
Streptomyces griseoviridis,Positive,aerobes,Yes,No,heterotroph organo chemo,heterotroph,organotroph,chemotroph,,,,No,
Streptomyces griseus,Positive,aerobes,Yes,Yes,heterotroph organo chemo,heterotroph,organotroph,chemotroph,No,,None,No,
Streptomyces griseus,Positive,aerobes,Yes,No,heterotroph organo chemo,heterotroph,organotroph,chemotroph,,,,No,
Streptomyces hygroscopicus,Positive,aerobes,Yes,Yes,heterotroph organo chemo,heterotroph,organotroph,chemotroph,No,,None,No,
Streptomyces hygroscopicus,Positive,aerobes,Yes,No,heterotroph organo chemo,heterotroph,organotroph,chemotroph,,,,No,
Streptomyces lividans,Positive,aerobes,Yes,Yes,heterotroph organo chemo,heterotroph,organotroph,chemotroph,No,,None,No,
Streptomyces lividans,Positive,aerobes,Yes,No,heterotroph organo chemo,heterotroph,organotroph,chemotroph,,,,No,
Streptomyces noursei,Positive,aerobes,Yes,Yes,heterotroph organo chemo,heterotroph,organotroph,chemotroph,No,,None,No,
Streptomyces noursei,Positive,aerobes,Yes,No,heterotroph organo chemo,heterotroph,organotroph,chemotroph,,,,No,
Streptomyces rimosus,Positive,aerobes,Yes,Yes,heterotroph organo chemo,heterotroph,organotroph,chemotroph,No,,None,No,
Streptomyces rimosus,Positive,aerobes,Yes,No,heterotroph organo chemo,heterotroph,organotroph,chemotroph,,,,No,
Streptomyces rochei,Positive,aerobes,Yes,Yes,heterotroph organo chemo,heterotroph,organotroph,chemotroph,No,,None,No,
Streptomyces rochei,Positive,aerobes,Yes,No,heterotroph organo chemo,heterotroph,organotroph,chemotroph,,,,No,
Streptomyces thermotolerans,Positive,aerobes,Yes,Yes,heterotroph organo chemo,heterotroph,organotroph,chemotroph,No,,None,No,
Streptomyces thermotolerans,Positive,aerobes,Yes,No,heterotroph organo chemo,heterotroph,organotroph,chemotroph,,,,No,
Streptomyces venezuelae,Positive,aerobes,Yes,Yes,heterotroph organo chemo,heterotroph,organotroph,chemotroph,No,,None,No,
Streptomyces venezuelae,Positive,aerobes,Yes,No,heterotroph organo chemo,heterotroph,organotroph,chemotroph,,,,No,
Streptosporangium roseum,Positive,aerobes,Yes,No,heterotroph organo chemo,heterotroph,organotroph,chemotroph,No,,None,No,
Tannerella forsythia,Negative,anaerobes,Yes,No,heterotroph organo chemo,heterotroph,organotroph,chemotroph,Yes,Human,oral_cavity,No,
Treponema denticola,Negative,anaerobes,Yes,No,heterotroph organo chemo,heterotroph,organotroph,chemotroph,Yes,Human,oral_cavity,No,
Treponema pallidum,Negative,obligate_intracellular_parasite,Yes,No,heterotroph organo chemo,heterotroph,organotroph,chemotroph,Yes,Human,Urogenital,No,
Treponema pallidum,Negative,obligate_intracellular,No,No,heterotroph organo chemo,heterotroph,organotroph,chemotroph,,,,No,
Trichomonas vaginalis,Positive,anaerobes,No,No,heterotroph organo chemo,heterotroph,organotroph,chemotroph,Yes,Human,Urogenital,No,
Ureaplasma parvum,Positive,obligate_intracellular_parasite,Yes,No,heterotroph organo chemo,heterotroph,organotroph,chemotroph,Yes,Human,Urogenital,No,
Ureaplasma parvum,Positive,anaerobes,No,No,heterotroph organo chemo,heterotroph,organotroph,chemotroph,,,,No,
Ureaplasma urealyticum,Positive,obligate_intracellular_parasite,Yes,No,heterotroph organo chemo,heterotroph,organotroph,chemotroph,Yes,Human,Urogenital,No,
Ureaplasma urealyticum,Positive,facultative_anaerobes,Yes,No,heterotroph organo chemo,heterotroph,organotroph,chemotroph,,,,No,
Ureaplasma urealyticum,Positive,anaerobes,No,No,heterotroph organo chemo,heterotroph,organotroph,chemotroph,,,,No,
Veillonella parvula,Negative,anaerobes,Yes,No,heterotroph organo chemo,heterotroph,organotroph,chemotroph,Yes,Human,Gastrointestinal_tract,No,
Vibrio cholerae,Negative,facultative_anaerobes,Yes,No,heterotroph organo chemo,heterotroph,organotroph,chemotroph,Yes,Human,Gastrointestinal_tract,No,
Vibrio parahaemolyticus,Negative,facultative_anaerobes,Yes,No,heterotroph organo chemo,heterotroph,organotroph,chemotroph,Yes,Human,Gastrointestinal_tract,No,
Vibrio vulnificus,Negative,facultative_anaerobes,Yes,No,heterotroph organo chemo,heterotroph,organotroph,chemotroph,Yes,Human,Gastrointestinal_tract,No,
Wolbachia pipientis,Negative,obligate_intracellular,No,No,heterotroph organo chemo,heterotroph,organotroph,chemotroph,No,,None,No,
Wolinella recta,Negative,anaerobes,Yes,No,heterotroph organo chemo,heterotroph,organotroph,chemotroph,Yes,Human,Gastrointestinal_tract,No,
Wolinella succinogenes,Negative,anaerobes,Yes,No,heterotroph organo chemo,heterotroph,organotroph,chemotroph,Yes,Human,Gastrointestinal_tract,No,
Xanthomonas axonopodis,Negative,aerobes,Yes,No,heterotroph organo chemo,heterotroph,organotroph,chemotroph,Yes,Plant,Respiratory_tract,No,
Xanthomonas campestris,Negative,aerobes,Yes,No,heterotroph organo chemo,heterotroph,organotroph,chemotroph,Yes,Plant,Respiratory_tract,No,
Xanthomonas euvesicatoria,Negative,aerobes,Yes,No,heterotroph organo chemo,heterotroph,organotroph,chemotroph,Yes,Plant,Respiratory_tract,No,
Yersinia enterocolitica,Negative,facultative_anaerobes,Yes,No,heterotroph organo chemo,heterotroph,organotroph,chemotroph,Yes,Human  Animal,Gastrointestinal_tract,No,
Yersinia pestis,Negative,facultative_anaerobes,Yes,No,heterotroph organo chemo,heterotroph,organotroph,chemotroph,Yes,Human  Animal,Blood CNS,Yes,Psychrophile